<?xml version="1.0" encoding="ISO8859-1"?> 
<DATAPACKET Version="4.80">
 <METADATA>
 <FIELDS>
  <FIELD attrname="Operation" fieldtype="string" WIDTH="1"/>
  <FIELD attrname="PatientsName" fieldtype="string" WIDTH="64"/>
  <FIELD attrname="PatientsAliasName" fieldtype="string" WIDTH="64"/>
  <FIELD attrname="PatientID" fieldtype="string" WIDTH="64"/>
  <FIELD attrname="PatientsBirthDate" fieldtype="string" WIDTH="8"/>
  <FIELD attrname="PatientsSex" fieldtype="string" WIDTH="4"/>
  <FIELD attrname="PatientsWeight" fieldtype="string" WIDTH="16"/>
  <FIELD attrname="PatientAddress" fieldtype="string" WIDTH="100"/>
  <FIELD attrname="PatientAddressNumber" fieldtype="string" WIDTH="6"/>
  <FIELD attrname="PatientComplement" fieldtype="string" WIDTH="35"/>
  <FIELD attrname="PatientNeighborhood" fieldtype="string" WIDTH="50"/>
  <FIELD attrname="PatientCity" fieldtype="string" WIDTH="60"/>
  <FIELD attrname="PatientState" fieldtype="string" WIDTH="2"/>  
  <FIELD attrname="PatientZipCode" fieldtype="string" WIDTH="8"/>
  <FIELD attrname="PatientTelephone" fieldtype="string" WIDTH="20"/>
  <FIELD attrname="PatientAreaCode" fieldtype="string" WIDTH="5"/>
  <FIELD attrname="PatientEmail" fieldtype="string" WIDTH="64"/>
  <FIELD attrname="PatientTransportArrangements" fieldtype="string" WIDTH="64"/> 
  <FIELD attrname="CurrentPatientLocation" fieldtype="string" WIDTH="64"/> 
  <FIELD attrname="MedicalAlerts" fieldtype="string" WIDTH="64"/> 
  <FIELD attrname="ContrasAllergies" fieldtype="string" WIDTH="64"/> 
  <FIELD attrname="PregnancyStatus" fieldtype="string" WIDTH="4"/> 
  <FIELD attrname="SpecialNeeds" fieldtype="string" WIDTH="64"/> 
  <FIELD attrname="Modality" fieldtype="string" WIDTH="16"/> 
  <FIELD attrname="AccessionNumber" fieldtype="string" WIDTH="16"/> 
  <FIELD attrname="RequestedProcedureID" fieldtype="string" WIDTH="16"/> 
  <FIELD attrname="RequestedProcedureDescription" fieldtype="string" WIDTH="64"/> 
  <FIELD attrname="RequestingServiceID" fieldtype="string" WIDTH="16"/> 
  <FIELD attrname="RequestingService" fieldtype="string" WIDTH="20"/> 
  <FIELD attrname="RequestedProcedurePriority" fieldtype="string" WIDTH="16"/> 
  <FIELD attrname="RequestedContrastAgent" fieldtype="string" WIDTH="64"/> 
  <FIELD attrname="PreMedication" fieldtype="string" WIDTH="64"/> 
  <FIELD attrname="RequestingPhysicianID" fieldtype="string" WIDTH="16"/> 
  <FIELD attrname="RequestingPhysician" fieldtype="string" WIDTH="255"/> 
  <FIELD attrname="RequestingPhysicianEmail" fieldtype="string" WIDTH="64"/> 
  <FIELD attrname="RequestingPhysicianLicense" fieldtype="string" WIDTH="16"/> 
  <FIELD attrname="RequestingPhysicianLicenseState" fieldtype="string" WIDTH="2"/> 
  <FIELD attrname="ReferringPhysiciansID" fieldtype="string" WIDTH="16"/> 
  <FIELD attrname="ReferringPhysiciansName" fieldtype="string" WIDTH="255"/> 
  <FIELD attrname="TechnicianID" fieldtype="string" WIDTH="16"/> 
  <FIELD attrname="TechnicianName" fieldtype="string" WIDTH="255"/> 
  <FIELD attrname="SiteID" fieldtype="string" WIDTH="16"/> 
  <FIELD attrname="SiteName" fieldtype="string" WIDTH="255"/> 
  <FIELD attrname="ScheduledStationAETitle" fieldtype="string" WIDTH="16"/> 
  <FIELD attrname="ScheduledProcedureStepStartDate" fieldtype="string" WIDTH="8"/> 
  <FIELD attrname="ScheduledProcedureStepStartTime" fieldtype="string" WIDTH="6"/> 
  <FIELD attrname="ScheduledProcedureStepID" fieldtype="string" WIDTH="16"/> 
  <FIELD attrname="ScheduledProcedureStepDescription" fieldtype="string" WIDTH="64"/> 
  <FIELD attrname="ScheduledProcedureStepLocation" fieldtype="string" WIDTH="16"/> 
  <FIELD attrname="ScheduledStationName" fieldtype="string" WIDTH="16" /> 
  <FIELD attrname="ScheduledPerformingPhysiciansName" fieldtype="string" WIDTH="255"/> 
  <FIELD attrname="StudyStatus" fieldtype="string" WIDTH="10" /> 
  <FIELD attrname="Report" fieldtype="string" WIDTH="1" /> 
  <FIELD attrname="HipoDiag" fieldtype="string" WIDTH="1000" /> 
  <FIELD attrname="SiteSuffix" fieldtype="string" WIDTH="5" /> 
 </FIELDS>
 </METADATA>
 <ROWDATA>
  <ROW 
	Operation="I" 
	PatientsName="MAURICIO CARLOS DA SILVA" 
	PatientsAliasName="ALINE" 
	PatientID="55298"
	PatientsBirthDate="20070123" 
	PatientsSex="M" 
	PatientsWeight="" 
	PatientAddress="Av. Vereador Jose Diniz" 
	PatientAddressNumber="3400" 
	PatientComplement="Ap 41" 
	PatientNeighborhood="Campo Belo" 
	PatientCity="S�o Paulo" 
	PatientState="SP" 
	PatientZipCode="SP" 
	PatientTelephone="5091-4900" 
	PatientAreaCode="11" 
	PatientEmail="mcaline@exemplo.com.br" 
	PatientTransportArrangements="" 
	CurrentPatientLocation="" 
	MedicalAlerts="" 
	ContrasAllergies="" 
	PregnancyStatus="" 
	SpecialNeeds="" 
	Modality="CR" 
	AccessionNumber="RA151084102580" 
	RequestedProcedureID="ACAV" 
	RequestedProcedureDescription="TORAX: P.A." 
	RequestingServiceID="2" 
	RequestingService="RAIOS X" 
	RequestedProcedurePriority="STAT" 
	RequestedContrastAgent="" 
	PreMedication="" 
	RequestingPhysicianID="50959" 
	RequestingPhysician="DR. ORESTE RUSSI NETO" 
	RequestingPhysicianEmail="orussineto@exemplo.com.br" 
	RequestingPhysicianLicense="1234567" 
	RequestingPhysicianLicenseState="SP" 
	ReferringPhysiciansID=""
	ReferringPhysiciansName="" 
	TechnicianID="" 
	TechnicianName="" 
	SiteID="3S" 
	SiteName="Filial Santana" 
	ScheduledStationAETitle="" 
	ScheduledProcedureStepStartDate="20080523" 
	ScheduledProcedureStepStartTime="120000" 
	ScheduledProcedureStepID="ACAV" 
	ScheduledProcedureStepDescription="TORAX: P.A." 
	ScheduledProcedureStepLocation="RAIOS X" 
	ScheduledStationName="" 
	ScheduledPerformingPhysiciansName="" 
	Report="Y"  
	HipoDiag="Acidente vascular pulmonar."/> 
 </ROWDATA>
</DATAPACKET>