﻿<?xml version="1.0" encoding="utf-8"?>
<MESSAGE version="2.3" type="1">
    <HEADER>
        <From>HIS</From>
        <To>Synapse</To>
        <Application>TASY</Application>
    </HEADER>
    <DATAPACKET qty="1">
        <FILEDATA>
            <Operation>I</Operation>
            <AccessionNumber>1212</AccessionNumber>
            <AuthorID>CRM-012376-SP</AuthorID>
            <AuthorName>Emmanuel Kant</AuthorName>
            <DocType>application/pdf</DocType>
            <DocName>laudo-1212.pdf</DocName>
            <Compression>FLAT</Compression>
            <DocData>YTM0NZomIzI2OTsmIzM0NTueYQ==</DocData>
        </FILEDATA>
    </DATAPACKET>
</MESSAGE>
