<?xml version="1.0" encoding="UTF-8"?>
<MESSAGE type="1" version="2.6">
    <HEADER>
        <From>SCL</From>
        <To>Synapse</To>
        <Application>RCExportXML</Application>
    </HEADER>
    <DATAPACKET qty="1">
        <FILEDATA>
            <Operation>I</Operation>
            <AccessionNumber>20442506</AccessionNumber>
            <DocType>application/pdf</DocType>
            <DocName>20442506.pdf</DocName>
            <Compression>FLAT</Compression>
            <DocData>MDAwIG4gCjAwMDAwMDU3==</DocData>
            <FILEDATAEX>
                <PatientID>6843310</PatientID>
                <AuthorID>29821253456</AuthorID>
                <AuthorName>IVANDRE BORGES</AuthorName>
                <ReportID>988956</ReportID>
                <ExamID>2397</ExamID>
                <ExamDescription>2397 - RM - PELVE</ExamDescription>
                <DocTypeEx>application/rtf</DocTypeEx>
                <DocNameEx>20442506.rtf</DocNameEx>
                <DocDataEx>e1xydGYxXGFuc2ljcGcxMjUye1xmb250==</DocDataEx>
            </FILEDATAEX>
        </FILEDATA>
    </DATAPACKET>
</MESSAGE>