<?xml version="1.0" encoding="UTF-8"?>
<MESSAGE type="1" version="2.6">
    <HEADER>
        <From>SCL</From>
        <To>Synapse</To>
        <Application>RCExportXML</Application>
    </HEADER>
    <DATAPACKET qty="1">
        <FILEDATA>
            <Operation>I</Operation>
            <AccessionNumber>19984736</AccessionNumber>
            <DocType>application/pdf</DocType>
            <DocName>19984736.pdf</DocName>
            <Compression>FLAT</Compression>
            <DocData>PgpzdGFydHhyZWYKNTUyNDEKJSVFT0YK==</DocData>
            <FILEDATAEX>
                <PatientID>1331655</PatientID>
                <AuthorID>44589453602</AuthorID>
                <AuthorName>DIOGO DE SOUZA</AuthorName>
                <ReportID>958742</ReportID>
                <ExamID>5956</ExamID>
                <ExamDescription>RX JOELHO ESQUERDO</ExamDescription>
                <DocTypeEx>application/rtf</DocTypeEx>
                <DocNameEx>19984736.rtf</DocNameEx>
                <DocDataEx>MENDQTAzQUUwMTXHBhcn1cc2VjdH0==</DocDataEx>
            </FILEDATAEX>
        </FILEDATA>
    </DATAPACKET>
</MESSAGE>
